sequence,model,score,global_score,seq_recovery,sample,T,designed_chains,fixed_chains,git_hash,model_name,seed
GWSTELEKHREELKEFLKKEGITNVEIRIDNGRLEVRVEGGTERLKRFLEELRQKLEKKGYTVDIKIE,6MRR,1.4911,1.4911,-,-,-,['A'],[],8907e6671bfbfc92303b5f79c4b5e6ce47cdef57,v_48_020,626
GIDPELEKYVKELKEFLKKKGINNVEIEIKDGKLTIRMKGASKETIDFLKKLKEELEKKGYKVDIKIE,6MRR,0.9447,0.9447,0.5735,1,0.1,,,,,
GIDEELEKYVKKLKEFLKEKGIDNVEIEVENGKLTIKMKGASEETKKFLKELKEELEKKGYEVNVEIL,6MRR,0.9099,0.9099,0.5147,2,0.1,,,,,
GVDPELEKYKKELEEFLKKKGINNVKIEIKDGVLKITMKGATEETKNFLKKLKEELEKKGYKVEVKIE,6MRR,0.9182,0.9182,0.5441,3,0.1,,,,,
GIDKELEKYVKELKEFLKKKGINNVKIEVKDGTLKITMKGCSEETKKFLEELKKELEAKGYKVEVKIE,6MRR,0.9442,0.9442,0.5441,4,0.1,,,,,
GVDPELEKYVKKLKEFLKKKGINNVEIKVENGTLTIKTKGASKELKEFLEKLKKELEAKGYKVNIEIE,6MRR,0.9096,0.9096,0.5441,5,0.1,,,,,
GTDPELEKVVKELKAFLKKQGINNVEIEVENGVLKIKMKGASKEVIDFLKKLEEELKKKGYKVEVEIS,6MRR,0.9939,0.9939,0.4706,6,0.1,,,,,
GTDPVLEAAVAELNAFLAAQGITNVEIRVEDGTLTIRTRGASAALRAFLAELKARLEAQGYTVEVEIE,6MRR,0.9974,0.9974,0.4706,7,0.1,,,,,
GIDPELEKYVEELKKFLKEKGINNVEIEIKDGTLTIKTKGASEELKKFLEELEKELKEKGYKVNIKIE,6MRR,0.9060,0.9060,0.5735,8,0.1,,,,,
GKDEELEKYVKKLKAFLKKEGITNVEIKIENGVLTIKTKGASKKLKEYLEKLKKELEEKGYKVNIEIE,6MRR,0.9700,0.9700,0.5588,9,0.1,,,,,
GMDEELEKVVKEIKEFLKKKGINNVEIEIKDGTLTIKMKGASEEVKEFLEKVKKELEEKGYKVNIKIE,6MRR,0.9203,0.9203,0.5441,10,0.1,,,,,
HMPEEEKAARLFIEALEKGDPELMRKVISPDTRMEDNGREFTGDEVVEYVKEIQKRGEQWHLRRYTKEGNSWRFEVQVDNNGQTEQWEVQIEVRNGRIKRVTITHV,5L33,1.5698,1.5698,-,-,-,['A'],[],8907e6671bfbfc92303b5f79c4b5e6ce47cdef57,v_48_020,626
SVDPELQKALDFVKALEEADPKLMAEVIEPDTKMNVNGKKYEGEEIVKYVEELAKKGVKYTLESYEKKGDKYVFTMKKEEDGVTKTITITIKVVDGKIEEVEITEE,5L33,0.8629,0.8629,0.3774,1,0.1,,,,,
SVDEETKKALDFVKALEKADPELMAKVITPDTKMTVNGKEYTGQEIVDYVKELKKKGVKYKLISYEKKGDSYVFTMERSYNGKTYTVTITITVENGKIKEIKIELK,5L33,0.8955,0.8955,0.4717,2,0.1,,,,,
SIDPEEKKALDFVKALEKADPELMKKVITEDTEMEVNGKKFKGEEIVDFVKELKEKGVKYELKSYEKKGDEYVFTMERSYKGKTKTITITIKVEDGKVKYVKIEEK,5L33,0.8376,0.8376,0.4151,3,0.1,,,,,
SMDPDTAKAMRFIEALEKADPELMATVIEPDTEMEVNGKKYKGQEIVDYVKELAAKGVKYELLDWKKEGDKYVFTVKKSENGVTKTVTITITVEDGKVKKIVIEEK,5L33,0.8559,0.8559,0.4245,4,0.1,,,,,
SISPEEKKALEFIEALEKADPELMKKVIEPDTEMVVNGKRYKGEEIVEYVKKLAEEGVKYELVSYEKEGDKYVFTVKKSKNGKTYTVTIKIEVKDGKIKRIEIEEK,5L33,0.8617,0.8617,0.4811,5,0.1,,,,,
SINEEEKKALEFVEALEKADPELMKKVIEEDTEMNVNGKKYKGEEIVEYVKELKKKGVKYKLKEYKKEGDKYVFKMEKEENGIKKEITITIEVKDGKIEKVNIEEK,5L33,0.7886,0.7886,0.4623,6,0.1,,,,,
AIDEETKKALEFVEALEKADPELMKKVIEEDTEMEVNGKKYKGEEIVKYVEELAKKGVKYTLESYEKKGDKYVFTVKKEENGVTKTITIEIEVKDGKVKRIVIKEE,5L33,0.7903,0.7903,0.4528,7,0.1,,,,,
SISPEEKKALDFIEALEKADPELMAKVITPDTKMEVNGKKYEGEEIVKYVEELKKEGIKYKLESYEKKGDKYVFKVTRSKNGKTYEITIEVEVKDGKVKYVKITEE,5L33,0.8354,0.8354,0.4717,8,0.1,,,,,
SINEEEKKALEFIKALEERNPELMKKVIEPDTEMNVNGKKYKGEEIVEYVKKLKEEGVKYKLLSYKKEGDKYVFTVEVSYNGKTYTATVEITVKDGKVEEIVITLE,5L33,0.8607,0.8607,0.4528,9,0.1,,,,,
SIDEETKKALEFIKALEEADPELMKKVITPDTKMKVNGKEYKGEEIVEFVKELAKEGVKYELVSYKKEGDKYVFKVKRSKDGETYEETITVTVKDGKVEEIEIKLE,5L33,0.8469,0.8469,0.4245,10,0.1,,,,,
